"","Var1","Freq"
"1","-0.00512",1
"2","-0.003747",1
"3","0.1501",1
"4","0.179",1
"5","0.2972",1
"6","0.2988",1
"7","0.3091",1
"8","0.3092",1
"9","0.3102",1
"10","0.3111",1
"11","0.329",1
"12","0.3351",1
"13","0.3375",1
"14","0.3377",1
"15","0.3396",1
"16","0.3405",1
"17","0.3415",1
"18","0.3436",1
"19","0.345",1
"20","0.3468",1
"21","0.3483",1
"22","0.3503",1
"23","0.3533",1
"24","0.3589",1
"25","0.3616",1
"26","0.3644",1
"27","0.3665",1
"28","0.3683",1
"29","0.3686",1
"30","0.3693",1
"31","0.374",1
"32","0.3765",1
"33","0.3781",1
"34","0.3829",1
"35","0.3845",1
"36","0.3898",1
"37","0.3911",1
"38","0.3931",1
"39","0.3974",1
"40","0.3987",1
"41","0.4",1
"42","0.4013",1
"43","0.4017",1
"44","0.4029",1
"45","0.403",1
"46","0.407",1
"47","0.4085",1
"48","0.4094",2
"49","0.4099",1
"50","0.412",1
"51","0.4126",1
"52","0.4128",1
"53","0.415",1
"54","0.4165",1
"55","0.4182",1
"56","0.4189",1
"57","0.42",1
"58","0.421",1
"59","0.4217",1
"60","0.422",1
"61","0.423",1
"62","0.4234",1
"63","0.4243",1
"64","0.4251",1
"65","0.4253",1
"66","0.426",1
"67","0.4305",1
"68","0.4311",1
"69","0.4317",1
"70","0.4322",1
"71","0.4329",1
"72","0.4392",1
"73","0.4393",1
"74","0.4397",1
"75","0.4403",1
"76","0.4424",1
"77","0.4443",1
"78","0.4446",1
"79","0.4447",1
"80","0.4457",1
"81","0.4463",1
"82","0.4468",1
"83","0.4495",1
"84","0.4501",2
"85","0.4514",1
"86","0.4527",1
"87","0.453",1
"88","0.4534",1
"89","0.4551",2
"90","0.4585",1
"91","0.4595",1
"92","0.4606",1
"93","0.4617",1
"94","0.4648",1
"95","0.465",1
"96","0.4658",1
"97","0.4678",1
"98","0.4686",1
"99","0.4696",1
"100","0.4697",1
"101","0.4714",1
"102","0.4744",1
"103","0.4745",1
"104","0.4766",1
"105","0.4793",1
"106","0.4795",1
"107","0.4815",1
"108","0.4826",1
"109","0.4833",2
"110","0.4834",1
"111","0.4835",1
"112","0.484",1
"113","0.4844",1
"114","0.4852",1
"115","0.4858",1
"116","0.4878",2
"117","0.488",1
"118","0.4902",1
"119","0.4904",1
"120","0.4906",1
"121","0.4908",1
"122","0.4924",1
"123","0.4928",1
"124","0.493",3
"125","0.4935",2
"126","0.4943",1
"127","0.4954",1
"128","0.4964",1
"129","0.4978",1
"130","0.4983",1
"131","0.4988",1
"132","0.4991",1
"133","0.4995",1
"134","0.5003",1
"135","0.5004",1
"136","0.5006",1
"137","0.5009",1
"138","0.5021",1
"139","0.5036",1
"140","0.5038",1
"141","0.5039",1
"142","0.5042",1
"143","0.5049",1
"144","0.5057",1
"145","0.5066",1
"146","0.5067",1
"147","0.5074",1
"148","0.5076",1
"149","0.5077",1
"150","0.5082",1
"151","0.5083",1
"152","0.5085",1
"153","0.5089",1
"154","0.5098",1
"155","0.51",1
"156","0.5103",1
"157","0.5114",1
"158","0.5116",1
"159","0.5133",1
"160","0.5136",1
"161","0.5144",1
"162","0.515",1
"163","0.5151",1
"164","0.5158",1
"165","0.5166",1
"166","0.5185",1
"167","0.5191",1
"168","0.5194",1
"169","0.5196",2
"170","0.5197",1
"171","0.5199",1
"172","0.5202",1
"173","0.5205",1
"174","0.5207",1
"175","0.5222",1
"176","0.5239",2
"177","0.524",1
"178","0.5241",1
"179","0.5255",2
"180","0.5258",1
"181","0.5262",1
"182","0.5266",1
"183","0.5276",1
"184","0.5278",1
"185","0.5286",1
"186","0.5287",1
"187","0.5291",1
"188","0.5304",1
"189","0.5315",1
"190","0.5325",1
"191","0.5326",1
"192","0.5327",1
"193","0.5328",1
"194","0.533",1
"195","0.5346",1
"196","0.5352",1
"197","0.5356",1
"198","0.5359",2
"199","0.5361",1
"200","0.5363",1
"201","0.5368",1
"202","0.537",1
"203","0.5374",1
"204","0.5376",1
"205","0.538",1
"206","0.5381",1
"207","0.5382",1
"208","0.5391",1
"209","0.5392",2
"210","0.5393",1
"211","0.5396",1
"212","0.5398",1
"213","0.5399",2
"214","0.5406",1
"215","0.541",1
"216","0.5416",1
"217","0.5421",1
"218","0.5422",1
"219","0.5426",1
"220","0.543",1
"221","0.5432",1
"222","0.5445",2
"223","0.5447",1
"224","0.5448",1
"225","0.5449",1
"226","0.545",1
"227","0.5452",1
"228","0.5455",2
"229","0.5457",1
"230","0.5458",1
"231","0.5459",1
"232","0.5464",2
"233","0.5471",1
"234","0.5472",1
"235","0.5475",1
"236","0.5479",1
"237","0.5487",1
"238","0.5488",1
"239","0.5489",1
"240","0.5495",1
"241","0.5501",2
"242","0.5502",1
"243","0.5504",2
"244","0.5513",2
"245","0.5517",1
"246","0.5518",2
"247","0.5521",1
"248","0.5522",1
"249","0.5524",1
"250","0.5532",1
"251","0.5544",1
"252","0.5545",1
"253","0.5548",1
"254","0.5558",1
"255","0.5562",1
"256","0.5569",1
"257","0.557",1
"258","0.5571",1
"259","0.558",1
"260","0.5582",1
"261","0.5585",1
"262","0.5588",1
"263","0.5589",1
"264","0.5591",1
"265","0.5593",1
"266","0.5602",1
"267","0.5607",1
"268","0.5609",2
"269","0.5613",1
"270","0.5614",1
"271","0.5617",1
"272","0.5622",1
"273","0.5624",1
"274","0.5625",2
"275","0.5628",1
"276","0.5629",1
"277","0.5644",2
"278","0.5645",2
"279","0.5662",1
"280","0.5664",3
"281","0.5666",3
"282","0.567",1
"283","0.5683",1
"284","0.5685",1
"285","0.5689",1
"286","0.569",1
"287","0.5691",1
"288","0.5695",1
"289","0.5699",1
"290","0.5701",1
"291","0.5706",1
"292","0.5707",1
"293","0.5713",1
"294","0.5716",1
"295","0.5718",1
"296","0.572",1
"297","0.5729",1
"298","0.573",1
"299","0.5733",1
"300","0.5735",1
"301","0.5736",1
"302","0.574",1
"303","0.5741",1
"304","0.5744",1
"305","0.5753",1
"306","0.5763",2
"307","0.5764",1
"308","0.5765",1
"309","0.5767",1
"310","0.5771",1
"311","0.5774",2
"312","0.5776",1
"313","0.5782",3
"314","0.5783",2
"315","0.5784",1
"316","0.5785",3
"317","0.5787",1
"318","0.5796",2
"319","0.5798",2
"320","0.5801",2
"321","0.5803",1
"322","0.5805",1
"323","0.5806",2
"324","0.5807",1
"325","0.5811",1
"326","0.5812",1
"327","0.5817",1
"328","0.5823",1
"329","0.5825",1
"330","0.5827",1
"331","0.583",1
"332","0.5831",1
"333","0.5832",1
"334","0.5833",1
"335","0.5834",1
"336","0.5835",1
"337","0.5836",1
"338","0.5837",1
"339","0.5838",1
"340","0.5841",1
"341","0.5843",1
"342","0.5846",1
"343","0.5851",1
"344","0.5856",2
"345","0.5863",1
"346","0.5866",1
"347","0.5867",1
"348","0.5868",1
"349","0.5872",1
"350","0.5875",2
"351","0.5878",1
"352","0.5879",1
"353","0.588",1
"354","0.5882",2
"355","0.5885",1
"356","0.5886",1
"357","0.5888",1
"358","0.5895",1
"359","0.5898",1
"360","0.5906",1
"361","0.5908",2
"362","0.591",1
"363","0.5912",1
"364","0.5914",1
"365","0.592",1
"366","0.5926",2
"367","0.5935",1
"368","0.594",2
"369","0.5945",1
"370","0.5946",1
"371","0.5949",1
"372","0.595",3
"373","0.5952",1
"374","0.5958",1
"375","0.5959",1
"376","0.5961",1
"377","0.5963",1
"378","0.5967",1
"379","0.5968",1
"380","0.5969",1
"381","0.597",1
"382","0.5973",2
"383","0.5976",1
"384","0.598",2
"385","0.5982",1
"386","0.5988",1
"387","0.5989",1
"388","0.5993",1
"389","0.5999",1
"390","0.6",1
"391","0.6004",1
"392","0.6008",1
"393","0.6009",1
"394","0.6013",1
"395","0.602",1
"396","0.6022",2
"397","0.6024",1
"398","0.6035",1
"399","0.6036",3
"400","0.6038",3
"401","0.6039",1
"402","0.6043",1
"403","0.6054",1
"404","0.6056",3
"405","0.6057",1
"406","0.6059",2
"407","0.606",1
"408","0.6061",1
"409","0.607",2
"410","0.6082",1
"411","0.6085",3
"412","0.6086",1
"413","0.6087",1
"414","0.6088",1
"415","0.6089",1
"416","0.6092",2
"417","0.6096",1
"418","0.61",1
"419","0.6101",2
"420","0.6103",1
"421","0.6105",3
"422","0.6108",1
"423","0.6112",1
"424","0.6113",2
"425","0.6119",1
"426","0.612",1
"427","0.6122",1
"428","0.6123",1
"429","0.6125",1
"430","0.6127",1
"431","0.6128",1
"432","0.6137",1
"433","0.614",1
"434","0.6141",1
"435","0.6142",1
"436","0.6143",2
"437","0.6146",1
"438","0.6155",1
"439","0.6159",2
"440","0.616",1
"441","0.6161",1
"442","0.6164",1
"443","0.6165",2
"444","0.6166",1
"445","0.6167",1
"446","0.6168",1
"447","0.6169",1
"448","0.6171",1
"449","0.6179",1
"450","0.6184",1
"451","0.6185",1
"452","0.6186",1
"453","0.6189",1
"454","0.6193",1
"455","0.6194",2
"456","0.6196",1
"457","0.62",2
"458","0.6208",1
"459","0.6209",1
"460","0.6222",1
"461","0.6226",1
"462","0.6233",1
"463","0.6236",1
"464","0.6237",1
"465","0.6238",2
"466","0.624",1
"467","0.6243",1
"468","0.6245",1
"469","0.6247",1
"470","0.6249",1
"471","0.625",1
"472","0.6251",1
"473","0.6255",1
"474","0.6256",1
"475","0.6257",1
"476","0.6258",1
"477","0.6259",1
"478","0.626",1
"479","0.6261",1
"480","0.6263",2
"481","0.6264",3
"482","0.6271",2
"483","0.6274",1
"484","0.6275",2
"485","0.6279",1
"486","0.628",2
"487","0.6283",1
"488","0.6284",1
"489","0.6285",1
"490","0.629",1
"491","0.6293",3
"492","0.6294",1
"493","0.6295",1
"494","0.6298",2
"495","0.63",1
"496","0.6306",1
"497","0.6307",1
"498","0.6312",1
"499","0.6316",1
"500","0.632",1
"501","0.6322",1
"502","0.6324",1
"503","0.6327",1
"504","0.6328",1
"505","0.6332",1
"506","0.6335",1
"507","0.6336",1
"508","0.6337",1
"509","0.6342",1
"510","0.6344",1
"511","0.6346",1
"512","0.6347",1
"513","0.6348",1
"514","0.6352",2
"515","0.6353",1
"516","0.6354",1
"517","0.6355",1
"518","0.6357",1
"519","0.6361",1
"520","0.6366",1
"521","0.6367",1
"522","0.637",1
"523","0.6374",1
"524","0.6375",1
"525","0.6376",1
"526","0.6378",1
"527","0.638",1
"528","0.6383",1
"529","0.6385",1
"530","0.6387",1
"531","0.6388",1
"532","0.6389",1
"533","0.6392",1
"534","0.6397",2
"535","0.6398",1
"536","0.6399",1
"537","0.64",1
"538","0.6403",1
"539","0.6406",2
"540","0.641",1
"541","0.6413",3
"542","0.6414",1
"543","0.6415",1
"544","0.6417",1
"545","0.642",1
"546","0.6421",1
"547","0.6422",1
"548","0.6427",1
"549","0.6428",1
"550","0.643",1
"551","0.6431",1
"552","0.6435",1
"553","0.644",1
"554","0.6445",1
"555","0.6446",1
"556","0.6456",1
"557","0.6458",1
"558","0.6462",1
"559","0.6469",1
"560","0.647",1
"561","0.6473",2
"562","0.6476",3
"563","0.6478",1
"564","0.6479",1
"565","0.6483",1
"566","0.6484",1
"567","0.6485",2
"568","0.6488",2
"569","0.6489",1
"570","0.6492",1
"571","0.6497",2
"572","0.6504",1
"573","0.6505",1
"574","0.6512",2
"575","0.6513",1
"576","0.6519",1
"577","0.6521",1
"578","0.6524",2
"579","0.6525",1
"580","0.6526",2
"581","0.6528",1
"582","0.6532",1
"583","0.6533",2
"584","0.6534",1
"585","0.6535",1
"586","0.6539",2
"587","0.6541",1
"588","0.6545",1
"589","0.6546",3
"590","0.6548",4
"591","0.6549",1
"592","0.6551",2
"593","0.6554",1
"594","0.6555",2
"595","0.6556",2
"596","0.6558",2
"597","0.6559",2
"598","0.656",1
"599","0.6561",1
"600","0.6563",1
"601","0.6565",2
"602","0.6568",1
"603","0.6569",1
"604","0.6574",1
"605","0.6576",2
"606","0.6577",1
"607","0.6578",2
"608","0.658",1
"609","0.6582",4
"610","0.6588",1
"611","0.659",2
"612","0.6594",1
"613","0.6596",1
"614","0.6597",1
"615","0.6598",1
"616","0.6599",1
"617","0.6601",1
"618","0.6604",2
"619","0.6606",1
"620","0.6607",1
"621","0.6609",2
"622","0.6614",1
"623","0.6615",1
"624","0.6617",3
"625","0.6622",1
"626","0.6625",1
"627","0.6626",2
"628","0.6632",1
"629","0.6633",1
"630","0.6636",1
"631","0.6641",1
"632","0.6642",2
"633","0.6645",1
"634","0.6646",1
"635","0.6647",1
"636","0.6648",1
"637","0.6649",2
"638","0.665",2
"639","0.6651",2
"640","0.6658",1
"641","0.6659",1
"642","0.666",2
"643","0.6662",1
"644","0.6666",1
"645","0.6667",1
"646","0.6669",1
"647","0.667",1
"648","0.6678",1
"649","0.6679",1
"650","0.6683",1
"651","0.6684",1
"652","0.6685",1
"653","0.6686",2
"654","0.6687",1
"655","0.6688",1
"656","0.669",3
"657","0.6693",1
"658","0.6697",1
"659","0.6698",1
"660","0.6699",1
"661","0.67",1
"662","0.6701",2
"663","0.6702",1
"664","0.6703",2
"665","0.6704",2
"666","0.6706",1
"667","0.6707",1
"668","0.6708",1
"669","0.671",2
"670","0.6713",1
"671","0.6716",1
"672","0.6718",1
"673","0.672",1
"674","0.6724",2
"675","0.6725",2
"676","0.6726",1
"677","0.6728",2
"678","0.6729",1
"679","0.673",2
"680","0.6731",1
"681","0.6735",1
"682","0.6737",1
"683","0.674",1
"684","0.6742",1
"685","0.6743",1
"686","0.6746",2
"687","0.6747",1
"688","0.6748",2
"689","0.6749",2
"690","0.675",1
"691","0.6752",1
"692","0.6753",1
"693","0.6755",1
"694","0.6756",1
"695","0.6761",1
"696","0.6762",1
"697","0.6766",1
"698","0.6771",3
"699","0.6773",2
"700","0.6775",1
"701","0.6776",1
"702","0.6777",1
"703","0.678",1
"704","0.6781",1
"705","0.6782",2
"706","0.6784",1
"707","0.6785",2
"708","0.6789",1
"709","0.6792",1
"710","0.6793",2
"711","0.6794",1
"712","0.6795",1
"713","0.6796",1
"714","0.6797",1
"715","0.6798",1
"716","0.6799",1
"717","0.6801",1
"718","0.6802",1
"719","0.6806",1
"720","0.6807",2
"721","0.6813",2
"722","0.6814",1
"723","0.6816",1
"724","0.6817",1
"725","0.6818",1
"726","0.682",1
"727","0.6821",1
"728","0.6822",1
"729","0.6826",1
"730","0.6827",1
"731","0.6828",1
"732","0.683",1
"733","0.6832",1
"734","0.6833",2
"735","0.6834",1
"736","0.6836",3
"737","0.6844",3
"738","0.6849",2
"739","0.6851",1
"740","0.6855",2
"741","0.6856",2
"742","0.6858",1
"743","0.6861",1
"744","0.6862",1
"745","0.6863",1
"746","0.6864",1
"747","0.6866",1
"748","0.6867",1
"749","0.6868",1
"750","0.687",1
"751","0.6871",1
"752","0.6872",1
"753","0.6873",2
"754","0.6874",2
"755","0.6876",1
"756","0.6877",2
"757","0.6878",1
"758","0.6882",1
"759","0.6883",2
"760","0.689",1
"761","0.6891",1
"762","0.6893",1
"763","0.6894",3
"764","0.6895",2
"765","0.6896",1
"766","0.6897",2
"767","0.6901",1
"768","0.6902",2
"769","0.6905",2
"770","0.6906",3
"771","0.6907",1
"772","0.6908",1
"773","0.6911",1
"774","0.6912",2
"775","0.6913",1
"776","0.6916",4
"777","0.6917",1
"778","0.6918",1
"779","0.692",1
"780","0.6921",1
"781","0.6922",1
"782","0.6923",1
"783","0.6926",1
"784","0.6929",1
"785","0.6931",1
"786","0.6932",1
"787","0.6936",1
"788","0.6938",1
"789","0.694",1
"790","0.6941",1
"791","0.6942",1
"792","0.6944",2
"793","0.6946",1
"794","0.6947",2
"795","0.6949",1
"796","0.695",1
"797","0.6951",1
"798","0.6954",1
"799","0.6955",1
"800","0.6957",2
"801","0.6959",2
"802","0.696",1
"803","0.6965",1
"804","0.6969",1
"805","0.697",1
"806","0.6971",1
"807","0.6972",1
"808","0.6973",1
"809","0.6975",2
"810","0.6977",1
"811","0.6978",1
"812","0.698",1
"813","0.6981",2
"814","0.6982",1
"815","0.6983",2
"816","0.6984",2
"817","0.6994",2
"818","0.6997",2
"819","0.6998",2
"820","0.6999",2
"821","0.7002",1
"822","0.7003",1
"823","0.7005",1
"824","0.7007",1
"825","0.7008",1
"826","0.7009",1
"827","0.701",2
"828","0.7012",1
"829","0.7013",1
"830","0.7014",2
"831","0.7017",1
"832","0.7018",3
"833","0.702",1
"834","0.7021",1
"835","0.7023",1
"836","0.7024",2
"837","0.7025",2
"838","0.7026",1
"839","0.7028",1
"840","0.7029",2
"841","0.7031",1
"842","0.7034",1
"843","0.7035",1
"844","0.7038",2
"845","0.7039",1
"846","0.704",2
"847","0.7042",3
"848","0.7044",1
"849","0.7047",1
"850","0.7048",1
"851","0.7051",2
"852","0.7052",1
"853","0.7055",1
"854","0.7057",5
"855","0.7058",1
"856","0.7064",2
"857","0.7065",2
"858","0.7066",1
"859","0.7071",1
"860","0.7072",1
"861","0.7076",2
"862","0.7078",2
"863","0.708",1
"864","0.7083",1
"865","0.7084",2
"866","0.7085",1
"867","0.7086",1
"868","0.7087",2
"869","0.7089",1
"870","0.7091",1
"871","0.7092",1
"872","0.7093",1
"873","0.7095",1
"874","0.7096",1
"875","0.7097",1
"876","0.7101",2
"877","0.7103",1
"878","0.7105",2
"879","0.711",2
"880","0.7111",1
"881","0.7112",1
"882","0.7114",1
"883","0.7118",2
"884","0.7119",1
"885","0.712",1
"886","0.7121",2
"887","0.7122",1
"888","0.7125",2
"889","0.7126",1
"890","0.7127",2
"891","0.7128",1
"892","0.7129",2
"893","0.7132",2
"894","0.7134",1
"895","0.7135",2
"896","0.7137",3
"897","0.7138",1
"898","0.7139",1
"899","0.7144",1
"900","0.7145",1
"901","0.7146",1
"902","0.7148",1
"903","0.7149",1
"904","0.715",1
"905","0.7154",1
"906","0.7155",2
"907","0.7156",1
"908","0.7157",1
"909","0.7158",2
"910","0.7161",2
"911","0.7162",3
"912","0.7168",1
"913","0.7169",1
"914","0.717",1
"915","0.7172",1
"916","0.7173",1
"917","0.7174",1
"918","0.7176",3
"919","0.7178",1
"920","0.7181",2
"921","0.7183",2
"922","0.7184",1
"923","0.7185",1
"924","0.7186",1
"925","0.7187",1
"926","0.7192",2
"927","0.7195",1
"928","0.7196",1
"929","0.7198",1
"930","0.7199",1
"931","0.72",1
"932","0.7201",1
"933","0.7202",1
"934","0.7205",1
"935","0.7208",2
"936","0.7214",1
"937","0.7215",4
"938","0.722",1
"939","0.7222",1
"940","0.7225",1
"941","0.7226",1
"942","0.7227",1
"943","0.723",1
"944","0.7234",1
"945","0.7235",2
"946","0.7236",2
"947","0.7239",1
"948","0.7246",1
"949","0.7248",1
"950","0.7249",2
"951","0.7251",2
"952","0.7254",1
"953","0.7255",3
"954","0.7256",1
"955","0.7258",1
"956","0.7259",1
"957","0.726",1
"958","0.7261",2
"959","0.7262",1
"960","0.7264",1
"961","0.7265",2
"962","0.7266",2
"963","0.7269",1
"964","0.7271",1
"965","0.7272",1
"966","0.7274",1
"967","0.7276",2
"968","0.7277",2
"969","0.7279",1
"970","0.728",1
"971","0.7283",2
"972","0.7285",2
"973","0.7286",1
"974","0.7287",1
"975","0.7289",1
"976","0.7292",1
"977","0.7293",2
"978","0.7295",1
"979","0.7297",1
"980","0.7298",2
"981","0.73",1
"982","0.7302",1
"983","0.7303",2
"984","0.7306",3
"985","0.7307",1
"986","0.7308",1
"987","0.7312",1
"988","0.7316",1
"989","0.732",2
"990","0.7323",1
"991","0.7325",1
"992","0.7326",2
"993","0.7328",1
"994","0.7329",1
"995","0.7331",2
"996","0.7332",1
"997","0.7333",2
"998","0.7334",3
"999","0.7339",1
"1000","0.734",4
"1001","0.7343",2
"1002","0.7344",2
"1003","0.7345",1
"1004","0.7346",2
"1005","0.7347",3
"1006","0.7348",1
"1007","0.7349",1
"1008","0.7351",1
"1009","0.7358",2
"1010","0.7359",3
"1011","0.7361",1
"1012","0.7362",1
"1013","0.7365",1
"1014","0.7366",2
"1015","0.7369",1
"1016","0.7372",1
"1017","0.7373",1
"1018","0.7377",1
"1019","0.738",1
"1020","0.7381",2
"1021","0.7386",1
"1022","0.7388",1
"1023","0.739",1
"1024","0.7391",1
"1025","0.7392",2
"1026","0.7393",1
"1027","0.7394",1
"1028","0.7395",1
"1029","0.7397",1
"1030","0.7398",1
"1031","0.74",1
"1032","0.7403",1
"1033","0.7405",1
"1034","0.7407",1
"1035","0.7411",1
"1036","0.7412",1
"1037","0.7414",1
"1038","0.7423",1
"1039","0.7425",1
"1040","0.7426",1
"1041","0.7427",2
"1042","0.7428",1
"1043","0.7431",2
"1044","0.7435",1
"1045","0.7436",2
"1046","0.7437",3
"1047","0.7439",2
"1048","0.7443",2
"1049","0.7448",1
"1050","0.7451",1
"1051","0.7452",1
"1052","0.7454",1
"1053","0.7455",1
"1054","0.7457",2
"1055","0.7459",1
"1056","0.746",1
"1057","0.7461",1
"1058","0.7463",2
"1059","0.7466",1
"1060","0.7467",1
"1061","0.7468",1
"1062","0.7469",1
"1063","0.7476",1
"1064","0.7478",2
"1065","0.7479",3
"1066","0.748",1
"1067","0.7481",1
"1068","0.7482",1
"1069","0.7483",2
"1070","0.7484",1
"1071","0.7485",1
"1072","0.7486",1
"1073","0.7487",1
"1074","0.7488",2
"1075","0.749",1
"1076","0.7491",1
"1077","0.7493",2
"1078","0.7497",1
"1079","0.7498",1
"1080","0.7499",1
"1081","0.75",1
"1082","0.7501",2
"1083","0.7504",2
"1084","0.7505",1
"1085","0.7506",1
"1086","0.7508",3
"1087","0.7511",2
"1088","0.7513",2
"1089","0.7514",1
"1090","0.7516",2
"1091","0.7517",3
"1092","0.7519",2
"1093","0.752",1
"1094","0.7521",1
"1095","0.7522",1
"1096","0.7523",1
"1097","0.7524",5
"1098","0.7525",1
"1099","0.7526",1
"1100","0.7527",1
"1101","0.7528",1
"1102","0.7535",1
"1103","0.7538",1
"1104","0.7539",1
"1105","0.7541",1
"1106","0.7546",3
"1107","0.7547",1
"1108","0.7549",1
"1109","0.7552",2
"1110","0.7554",2
"1111","0.7555",1
"1112","0.7556",1
"1113","0.7558",1
"1114","0.7559",1
"1115","0.756",2
"1116","0.7561",1
"1117","0.7564",1
"1118","0.7565",1
"1119","0.7566",1
"1120","0.7567",1
"1121","0.7568",1
"1122","0.757",1
"1123","0.7571",1
"1124","0.7572",2
"1125","0.7573",1
"1126","0.7574",1
"1127","0.7575",2
"1128","0.7576",2
"1129","0.7577",4
"1130","0.7578",1
"1131","0.758",3
"1132","0.7582",1
"1133","0.7583",3
"1134","0.7584",2
"1135","0.7586",2
"1136","0.7587",3
"1137","0.7588",1
"1138","0.759",1
"1139","0.7591",1
"1140","0.7593",3
"1141","0.7596",1
"1142","0.7597",2
"1143","0.7598",2
"1144","0.7602",1
"1145","0.7603",1
"1146","0.7606",1
"1147","0.7607",1
"1148","0.7608",2
"1149","0.7609",1
"1150","0.7611",1
"1151","0.7612",1
"1152","0.7613",2
"1153","0.7615",1
"1154","0.7617",2
"1155","0.7618",2
"1156","0.7619",1
"1157","0.7626",1
"1158","0.763",1
"1159","0.7631",2
"1160","0.7633",2
"1161","0.7634",1
"1162","0.7637",2
"1163","0.7639",1
"1164","0.764",1
"1165","0.7643",2
"1166","0.7645",1
"1167","0.7646",2
"1168","0.7647",2
"1169","0.7648",2
"1170","0.7649",1
"1171","0.7651",1
"1172","0.7652",1
"1173","0.7653",1
"1174","0.7654",1
"1175","0.7657",1
"1176","0.7659",1
"1177","0.766",1
"1178","0.7662",2
"1179","0.7665",1
"1180","0.7668",1
"1181","0.7669",2
"1182","0.767",1
"1183","0.7671",3
"1184","0.7673",1
"1185","0.7674",1
"1186","0.7675",2
"1187","0.7677",1
"1188","0.7678",1
"1189","0.7679",2
"1190","0.7683",1
"1191","0.7684",1
"1192","0.7686",1
"1193","0.7687",2
"1194","0.7688",1
"1195","0.7689",3
"1196","0.769",1
"1197","0.7691",2
"1198","0.7692",1
"1199","0.7694",3
"1200","0.7696",1
"1201","0.7697",1
"1202","0.7699",2
"1203","0.7701",3
"1204","0.7702",2
"1205","0.7703",1
"1206","0.7705",1
"1207","0.7706",2
"1208","0.7708",2
"1209","0.7709",1
"1210","0.771",2
"1211","0.7711",2
"1212","0.7712",1
"1213","0.7713",1
"1214","0.7714",1
"1215","0.7715",2
"1216","0.7716",2
"1217","0.7717",1
"1218","0.7719",2
"1219","0.772",1
"1220","0.7723",1
"1221","0.7724",2
"1222","0.7725",1
"1223","0.7727",2
"1224","0.7728",1
"1225","0.7729",1
"1226","0.7732",3
"1227","0.7733",1
"1228","0.7735",1
"1229","0.7736",2
"1230","0.7738",1
"1231","0.7741",1
"1232","0.7743",2
"1233","0.7744",2
"1234","0.7745",2
"1235","0.7748",1
"1236","0.7749",2
"1237","0.7751",2
"1238","0.7752",2
"1239","0.7755",2
"1240","0.7756",1
"1241","0.7757",1
"1242","0.7761",2
"1243","0.7762",1
"1244","0.7766",2
"1245","0.7769",1
"1246","0.7771",2
"1247","0.7772",1
"1248","0.7773",3
"1249","0.7774",1
"1250","0.7776",3
"1251","0.7777",3
"1252","0.7778",2
"1253","0.778",2
"1254","0.7781",2
"1255","0.7782",2
"1256","0.7783",2
"1257","0.7786",4
"1258","0.7787",1
"1259","0.7789",1
"1260","0.779",1
"1261","0.7792",2
"1262","0.7793",1
"1263","0.7794",1
"1264","0.7796",2
"1265","0.7797",1
"1266","0.7798",1
"1267","0.78",2
"1268","0.7801",3
"1269","0.7802",3
"1270","0.7806",1
"1271","0.7807",3
"1272","0.7808",1
"1273","0.7809",1
"1274","0.781",1
"1275","0.7811",1
"1276","0.7812",1
"1277","0.7815",2
"1278","0.7816",3
"1279","0.7818",2
"1280","0.7819",2
"1281","0.782",2
"1282","0.7821",1
"1283","0.7822",3
"1284","0.7824",3
"1285","0.7825",1
"1286","0.7827",4
"1287","0.7829",2
"1288","0.783",3
"1289","0.7831",1
"1290","0.7832",1
"1291","0.7834",1
"1292","0.7835",1
"1293","0.7838",2
"1294","0.7839",1
"1295","0.784",1
"1296","0.7841",1
"1297","0.7843",1
"1298","0.7844",1
"1299","0.7845",1
"1300","0.7846",1
"1301","0.7848",1
"1302","0.7849",2
"1303","0.7851",2
"1304","0.7853",3
"1305","0.7855",1
"1306","0.7857",1
"1307","0.7858",3
"1308","0.7859",1
"1309","0.786",2
"1310","0.7861",1
"1311","0.7862",2
"1312","0.7863",4
"1313","0.7865",1
"1314","0.7866",2
"1315","0.7867",1
"1316","0.7868",5
"1317","0.7869",4
"1318","0.787",2
"1319","0.7871",1
"1320","0.7872",1
"1321","0.7873",1
"1322","0.7874",3
"1323","0.7875",3
"1324","0.7877",1
"1325","0.7878",1
"1326","0.7879",2
"1327","0.7884",1
"1328","0.7885",1
"1329","0.7888",3
"1330","0.7889",2
"1331","0.7891",3
"1332","0.7892",2
"1333","0.7895",3
"1334","0.7898",1
"1335","0.7899",1
"1336","0.7903",1
"1337","0.7905",1
"1338","0.7906",1
"1339","0.7908",1
"1340","0.7909",1
"1341","0.791",1
"1342","0.7911",1
"1343","0.7912",1
"1344","0.7915",6
"1345","0.7916",1
"1346","0.7919",2
"1347","0.792",1
"1348","0.7921",1
"1349","0.7924",2
"1350","0.7925",1
"1351","0.7927",2
"1352","0.7928",1
"1353","0.793",2
"1354","0.7931",1
"1355","0.7932",1
"1356","0.7935",1
"1357","0.7937",1
"1358","0.7938",1
"1359","0.7939",2
"1360","0.794",2
"1361","0.7941",2
"1362","0.7943",2
"1363","0.7946",3
"1364","0.7947",1
"1365","0.7949",2
"1366","0.795",1
"1367","0.7952",1
"1368","0.7955",1
"1369","0.7956",1
"1370","0.7957",2
"1371","0.7959",1
"1372","0.796",2
"1373","0.7961",1
"1374","0.7963",1
"1375","0.7965",2
"1376","0.7967",1
"1377","0.7968",3
"1378","0.7969",1
"1379","0.797",2
"1380","0.7971",1
"1381","0.7973",2
"1382","0.7974",1
"1383","0.7977",1
"1384","0.7978",2
"1385","0.798",2
"1386","0.7981",1
"1387","0.7983",3
"1388","0.7987",2
"1389","0.7988",3
"1390","0.799",1
"1391","0.7992",1
"1392","0.7993",4
"1393","0.7994",2
"1394","0.7995",2
"1395","0.7996",1
"1396","0.7997",3
"1397","0.7999",1
"1398","0.8",2
"1399","0.8001",2
"1400","0.8002",1
"1401","0.8005",3
"1402","0.8006",1
"1403","0.8007",1
"1404","0.8009",1
"1405","0.801",1
"1406","0.8011",1
"1407","0.8012",2
"1408","0.8014",1
"1409","0.8015",1
"1410","0.8017",4
"1411","0.8018",2
"1412","0.8019",1
"1413","0.802",1
"1414","0.8021",2
"1415","0.8022",3
"1416","0.8025",1
"1417","0.8026",2
"1418","0.8028",3
"1419","0.8029",1
"1420","0.8031",2
"1421","0.8032",3
"1422","0.8036",1
"1423","0.8037",3
"1424","0.804",1
"1425","0.8041",1
"1426","0.8042",1
"1427","0.8043",2
"1428","0.8044",1
"1429","0.8046",1
"1430","0.8049",2
"1431","0.8051",1
"1432","0.8052",1
"1433","0.8053",1
"1434","0.8056",2
"1435","0.8057",1
"1436","0.8058",1
"1437","0.8059",1
"1438","0.806",1
"1439","0.8061",2
"1440","0.8064",1
"1441","0.8065",1
"1442","0.8066",2
"1443","0.8069",1
"1444","0.807",4
"1445","0.8072",2
"1446","0.8073",1
"1447","0.8075",2
"1448","0.8076",2
"1449","0.8077",1
"1450","0.8079",1
"1451","0.8081",2
"1452","0.8083",2
"1453","0.8084",2
"1454","0.8086",1
"1455","0.8089",1
"1456","0.809",2
"1457","0.8091",2
"1458","0.8092",2
"1459","0.8093",2
"1460","0.8094",1
"1461","0.8095",1
"1462","0.8096",1
"1463","0.8099",1
"1464","0.81",3
"1465","0.8101",1
"1466","0.8103",1
"1467","0.8104",2
"1468","0.8105",2
"1469","0.8106",1
"1470","0.8107",3
"1471","0.8108",2
"1472","0.8109",1
"1473","0.8112",4
"1474","0.8114",1
"1475","0.8116",1
"1476","0.8118",1
"1477","0.8119",1
"1478","0.812",1
"1479","0.8122",1
"1480","0.8125",2
"1481","0.8129",2
"1482","0.813",2
"1483","0.8131",1
"1484","0.8132",2
"1485","0.8133",2
"1486","0.8135",2
"1487","0.8136",1
"1488","0.8137",3
"1489","0.8138",1
"1490","0.8139",1
"1491","0.8141",2
"1492","0.8143",1
"1493","0.8144",2
"1494","0.8145",3
"1495","0.8146",1
"1496","0.8149",1
"1497","0.815",2
"1498","0.8152",1
"1499","0.8153",1
"1500","0.8154",2
"1501","0.8155",1
"1502","0.8156",2
"1503","0.8158",1
"1504","0.816",1
"1505","0.8161",1
"1506","0.8162",1
"1507","0.8165",1
"1508","0.8167",1
"1509","0.8169",1
"1510","0.817",1
"1511","0.8171",2
"1512","0.8172",1
"1513","0.8173",2
"1514","0.8176",1
"1515","0.8178",1
"1516","0.8179",3
"1517","0.818",1
"1518","0.8181",2
"1519","0.8182",1
"1520","0.8183",2
"1521","0.8185",2
"1522","0.8187",1
"1523","0.8188",1
"1524","0.8191",1
"1525","0.8193",1
"1526","0.8194",2
"1527","0.8195",1
"1528","0.8197",2
"1529","0.8199",3
"1530","0.8201",1
"1531","0.8202",2
"1532","0.8203",1
"1533","0.8206",1
"1534","0.8207",1
"1535","0.8208",1
"1536","0.8209",1
"1537","0.8211",1
"1538","0.8213",1
"1539","0.8214",1
"1540","0.8216",1
"1541","0.8217",2
"1542","0.8219",1
"1543","0.822",1
"1544","0.8222",1
"1545","0.8224",1
"1546","0.8226",2
"1547","0.8227",1
"1548","0.8228",2
"1549","0.8229",3
"1550","0.8232",1
"1551","0.8234",1
"1552","0.8235",2
"1553","0.8237",3
"1554","0.8238",1
"1555","0.8239",1
"1556","0.8243",1
"1557","0.8244",1
"1558","0.8245",1
"1559","0.8247",3
"1560","0.825",2
"1561","0.8251",3
"1562","0.8252",1
"1563","0.8253",3
"1564","0.8255",1
"1565","0.8259",2
"1566","0.826",2
"1567","0.8262",1
"1568","0.8263",3
"1569","0.8265",2
"1570","0.8266",1
"1571","0.8268",1
"1572","0.827",1
"1573","0.8271",1
"1574","0.8272",1
"1575","0.8274",2
"1576","0.8275",1
"1577","0.8276",3
"1578","0.8277",1
"1579","0.8278",3
"1580","0.8279",1
"1581","0.828",2
"1582","0.8283",1
"1583","0.8284",3
"1584","0.8285",1
"1585","0.8286",1
"1586","0.8288",1
"1587","0.8289",1
"1588","0.829",1
"1589","0.8291",2
"1590","0.8294",1
"1591","0.8295",1
"1592","0.8297",1
"1593","0.8298",1
"1594","0.8299",2
"1595","0.8302",1
"1596","0.8303",1
"1597","0.8304",2
"1598","0.831",1
"1599","0.8311",1
"1600","0.8312",4
"1601","0.8313",1
"1602","0.8314",2
"1603","0.8315",1
"1604","0.8316",3
"1605","0.8318",3
"1606","0.8319",1
"1607","0.832",1
"1608","0.8323",1
"1609","0.8325",2
"1610","0.833",2
"1611","0.8332",1
"1612","0.8334",2
"1613","0.8336",2
"1614","0.8337",1
"1615","0.8338",1
"1616","0.8341",3
"1617","0.8342",1
"1618","0.8344",1
"1619","0.8345",1
"1620","0.8346",4
"1621","0.8347",1
"1622","0.8348",1
"1623","0.8349",1
"1624","0.8351",1
"1625","0.8356",1
"1626","0.8358",1
"1627","0.8359",3
"1628","0.8362",4
"1629","0.8365",1
"1630","0.8368",1
"1631","0.8369",1
"1632","0.8373",2
"1633","0.838",2
"1634","0.8381",1
"1635","0.8382",1
"1636","0.8384",2
"1637","0.8385",1
"1638","0.8387",2
"1639","0.839",2
"1640","0.8391",1
"1641","0.8392",1
"1642","0.8395",2
"1643","0.8396",2
"1644","0.8398",2
"1645","0.84",1
"1646","0.8403",2
"1647","0.8405",2
"1648","0.8408",1
"1649","0.8409",1
"1650","0.8414",2
"1651","0.8415",3
"1652","0.8416",1
"1653","0.8417",1
"1654","0.842",2
"1655","0.8424",1
"1656","0.8425",1
"1657","0.8429",4
"1658","0.8431",2
"1659","0.8432",1
"1660","0.8436",1
"1661","0.844",1
"1662","0.8441",2
"1663","0.8442",1
"1664","0.8445",1
"1665","0.8447",1
"1666","0.8448",2
"1667","0.8449",2
"1668","0.8452",2
"1669","0.8453",1
"1670","0.8454",1
"1671","0.8455",3
"1672","0.8456",1
"1673","0.8457",1
"1674","0.8458",1
"1675","0.8461",1
"1676","0.8463",2
"1677","0.8464",1
"1678","0.8465",1
"1679","0.8467",1
"1680","0.8468",1
"1681","0.8469",5
"1682","0.847",2
"1683","0.8471",2
"1684","0.8474",2
"1685","0.8475",1
"1686","0.8477",1
"1687","0.8481",1
"1688","0.8485",2
"1689","0.8488",1
"1690","0.8489",1
"1691","0.8493",2
"1692","0.8494",1
"1693","0.8496",1
"1694","0.8498",1
"1695","0.85",2
"1696","0.8501",1
"1697","0.8502",1
"1698","0.8503",1
"1699","0.8507",2
"1700","0.8509",4
"1701","0.851",1
"1702","0.8513",2
"1703","0.8515",1
"1704","0.8519",1
"1705","0.8521",1
"1706","0.8524",1
"1707","0.8525",2
"1708","0.8526",2
"1709","0.8527",2
"1710","0.853",1
"1711","0.8531",1
"1712","0.8532",1
"1713","0.8533",2
"1714","0.8539",2
"1715","0.854",1
"1716","0.8541",1
"1717","0.8552",1
"1718","0.8554",2
"1719","0.8558",1
"1720","0.8565",2
"1721","0.8566",1
"1722","0.857",2
"1723","0.8571",1
"1724","0.8573",1
"1725","0.8576",1
"1726","0.8577",1
"1727","0.8578",1
"1728","0.8579",2
"1729","0.8581",1
"1730","0.8583",1
"1731","0.8584",1
"1732","0.8586",2
"1733","0.859",1
"1734","0.8591",1
"1735","0.8592",1
"1736","0.8593",1
"1737","0.8594",1
"1738","0.8598",1
"1739","0.8603",1
"1740","0.8604",1
"1741","0.8607",2
"1742","0.8623",1
"1743","0.8626",1
"1744","0.863",1
"1745","0.8631",1
"1746","0.8632",1
"1747","0.8637",1
"1748","0.8638",3
"1749","0.8639",1
"1750","0.864",1
"1751","0.8641",1
"1752","0.8642",2
"1753","0.8643",1
"1754","0.8644",1
"1755","0.8649",1
"1756","0.8651",1
"1757","0.8653",3
"1758","0.8654",1
"1759","0.8655",1
"1760","0.8656",1
"1761","0.8657",1
"1762","0.866",1
"1763","0.8663",1
"1764","0.8664",1
"1765","0.8665",1
"1766","0.8666",1
"1767","0.8667",1
"1768","0.8669",2
"1769","0.8671",2
"1770","0.8674",1
"1771","0.8675",1
"1772","0.8676",1
"1773","0.8677",2
"1774","0.8682",1
"1775","0.8683",1
"1776","0.8687",1
"1777","0.8692",1
"1778","0.8695",2
"1779","0.8696",3
"1780","0.8705",3
"1781","0.8706",1
"1782","0.8707",2
"1783","0.8709",1
"1784","0.8711",1
"1785","0.8712",1
"1786","0.8717",2
"1787","0.8721",4
"1788","0.8722",2
"1789","0.8724",1
"1790","0.8726",1
"1791","0.8728",2
"1792","0.8731",1
"1793","0.8736",2
"1794","0.8737",1
"1795","0.8738",1
"1796","0.8742",1
"1797","0.8746",1
"1798","0.8749",1
"1799","0.875",1
"1800","0.8752",1
"1801","0.8753",1
"1802","0.8759",1
"1803","0.8761",2
"1804","0.8762",1
"1805","0.8763",1
"1806","0.8767",1
"1807","0.8771",1
"1808","0.8773",1
"1809","0.8774",1
"1810","0.8775",1
"1811","0.8776",1
"1812","0.878",1
"1813","0.8781",1
"1814","0.8785",1
"1815","0.8795",1
"1816","0.8798",2
"1817","0.8807",1
"1818","0.8809",1
"1819","0.881",1
"1820","0.8816",1
"1821","0.8817",1
"1822","0.8824",1
"1823","0.8825",1
"1824","0.8826",1
"1825","0.8829",1
"1826","0.8832",2
"1827","0.8833",2
"1828","0.8835",1
"1829","0.8838",1
"1830","0.8841",1
"1831","0.8842",2
"1832","0.8847",2
"1833","0.8854",1
"1834","0.8863",1
"1835","0.8864",1
"1836","0.8868",1
"1837","0.8869",1
"1838","0.8871",2
"1839","0.8877",1
"1840","0.8882",1
"1841","0.8883",1
"1842","0.8884",1
"1843","0.8894",1
"1844","0.8895",1
"1845","0.8898",1
"1846","0.8899",2
"1847","0.8902",2
"1848","0.8905",1
"1849","0.8908",3
"1850","0.8916",1
"1851","0.8921",2
"1852","0.8924",1
"1853","0.8927",1
"1854","0.8935",2
"1855","0.8936",1
"1856","0.8941",1
"1857","0.8942",1
"1858","0.8948",1
"1859","0.8957",1
"1860","0.8959",1
"1861","0.8964",1
"1862","0.8967",1
"1863","0.8975",2
"1864","0.8982",1
"1865","0.8983",2
"1866","0.8984",1
"1867","0.8986",1
"1868","0.8987",1
"1869","0.8988",2
"1870","0.899",1
"1871","0.8993",1
"1872","0.8994",1
"1873","0.8998",1
"1874","0.9",3
"1875","0.9001",1
"1876","0.9007",1
"1877","0.901",1
"1878","0.9012",1
"1879","0.9013",1
"1880","0.9014",1
"1881","0.9018",2
"1882","0.9019",1
"1883","0.9026",1
"1884","0.9028",2
"1885","0.9029",1
"1886","0.9032",3
"1887","0.9039",1
"1888","0.9042",1
"1889","0.9043",2
"1890","0.9046",1
"1891","0.9053",1
"1892","0.9054",1
"1893","0.9073",1
"1894","0.9074",1
"1895","0.9079",1
"1896","0.9081",1
"1897","0.9082",1
"1898","0.9084",1
"1899","0.9086",1
"1900","0.9087",1
"1901","0.9092",1
"1902","0.91",2
"1903","0.9101",1
"1904","0.9109",1
"1905","0.911",1
"1906","0.9115",1
"1907","0.9116",1
"1908","0.9118",2
"1909","0.912",1
"1910","0.9122",2
"1911","0.9126",1
"1912","0.9127",1
"1913","0.9128",1
"1914","0.913",2
"1915","0.9132",1
"1916","0.9134",1
"1917","0.9135",1
"1918","0.9138",1
"1919","0.914",1
"1920","0.9142",1
"1921","0.9145",1
"1922","0.9148",1
"1923","0.9149",1
"1924","0.9153",1
"1925","0.9156",1
"1926","0.9159",1
"1927","0.9171",1
"1928","0.9172",1
"1929","0.9173",1
"1930","0.9178",1
"1931","0.9182",1
"1932","0.9184",2
"1933","0.9185",2
"1934","0.9188",2
"1935","0.9195",1
"1936","0.9202",1
"1937","0.9203",1
"1938","0.9204",1
"1939","0.9207",1
"1940","0.9219",2
"1941","0.9221",1
"1942","0.9224",1
"1943","0.9226",2
"1944","0.9232",1
"1945","0.9234",1
"1946","0.9236",2
"1947","0.924",1
"1948","0.9241",1
"1949","0.9242",2
"1950","0.9247",1
"1951","0.9256",1
"1952","0.9262",2
"1953","0.9267",1
"1954","0.9268",2
"1955","0.9271",1
"1956","0.9274",1
"1957","0.9275",1
"1958","0.9283",1
"1959","0.9295",1
"1960","0.9299",1
"1961","0.93",1
"1962","0.9301",2
"1963","0.9302",1
"1964","0.9304",1
"1965","0.9306",1
"1966","0.9308",1
"1967","0.9309",1
"1968","0.9312",1
"1969","0.9316",1
"1970","0.9317",2
"1971","0.9318",1
"1972","0.9319",1
"1973","0.932",2
"1974","0.9323",2
"1975","0.9329",1
"1976","0.933",1
"1977","0.9331",1
"1978","0.9333",1
"1979","0.9336",1
"1980","0.9344",1
"1981","0.935",2
"1982","0.9354",1
"1983","0.9355",1
"1984","0.9357",1
"1985","0.9358",1
"1986","0.9363",1
"1987","0.9365",1
"1988","0.9367",1
"1989","0.9374",1
"1990","0.9375",1
"1991","0.9376",2
"1992","0.9381",1
"1993","0.9382",1
"1994","0.9387",1
"1995","0.9388",2
"1996","0.939",2
"1997","0.9396",1
"1998","0.94",1
"1999","0.9401",1
"2000","0.9402",1
"2001","0.9404",1
"2002","0.9405",1
"2003","0.9407",3
"2004","0.9413",1
"2005","0.9414",1
"2006","0.9419",1
"2007","0.9423",1
"2008","0.9431",1
"2009","0.9436",1
"2010","0.9439",1
"2011","0.9444",3
"2012","0.9447",2
"2013","0.945",1
"2014","0.9451",1
"2015","0.9452",1
"2016","0.9457",1
"2017","0.9458",2
"2018","0.9459",1
"2019","0.9463",1
"2020","0.9464",2
"2021","0.9465",2
"2022","0.9469",1
"2023","0.9472",1
"2024","0.9474",1
"2025","0.9475",1
"2026","0.9476",1
"2027","0.9478",1
"2028","0.9479",1
"2029","0.9481",1
"2030","0.9483",1
"2031","0.9484",1
"2032","0.9486",1
"2033","0.9491",1
"2034","0.9492",1
"2035","0.9495",1
"2036","0.95",1
"2037","0.9501",1
"2038","0.9505",1
"2039","0.9506",1
"2040","0.9507",1
"2041","0.951",1
"2042","0.9511",1
"2043","0.9513",1
"2044","0.9517",1
"2045","0.952",2
"2046","0.9523",1
"2047","0.9524",2
"2048","0.9526",1
"2049","0.9536",1
"2050","0.9542",1
"2051","0.9543",1
"2052","0.9546",1
"2053","0.9547",1
"2054","0.955",1
"2055","0.9552",1
"2056","0.9553",1
"2057","0.9555",2
"2058","0.9559",1
"2059","0.956",1
"2060","0.9561",3
"2061","0.9563",1
"2062","0.9568",2
"2063","0.9579",2
"2064","0.958",1
"2065","0.9592",2
"2066","0.9594",1
"2067","0.9595",1
"2068","0.9598",1
"2069","0.9603",1
"2070","0.9604",1
"2071","0.9605",1
"2072","0.9618",1
"2073","0.962",2
"2074","0.9621",1
"2075","0.9623",1
"2076","0.9625",1
"2077","0.9628",1
"2078","0.9636",1
"2079","0.9639",1
"2080","0.964",1
"2081","0.9644",1
"2082","0.9654",1
"2083","0.9656",1
"2084","0.9657",1
"2085","0.9661",1
"2086","0.9663",1
"2087","0.9666",1
"2088","0.9669",1
"2089","0.9672",1
"2090","0.9673",1
"2091","0.9674",1
"2092","0.9675",2
"2093","0.9679",1
"2094","0.9682",1
"2095","0.9686",1
"2096","0.9695",1
"2097","0.9697",2
"2098","0.9699",2
"2099","0.97",1
"2100","0.9701",2
"2101","0.9704",1
"2102","0.9706",1
"2103","0.9707",2
"2104","0.9715",1
"2105","0.9716",1
"2106","0.9719",1
"2107","0.9723",1
"2108","0.9725",1
"2109","0.9727",1
"2110","0.9731",1
"2111","0.9736",2
"2112","0.9737",1
"2113","0.9743",1
"2114","0.9751",1
"2115","0.976",1
"2116","0.9762",1
"2117","0.9764",1
"2118","0.9765",1
"2119","0.9771",1
"2120","0.978",1
"2121","0.9783",1
"2122","0.9786",1
"2123","0.9788",1
"2124","0.9793",1
"2125","0.98",1
"2126","0.9801",2
"2127","0.9806",1
"2128","0.9811",1
"2129","0.9812",1
"2130","0.9817",1
"2131","0.9818",1
"2132","0.9819",1
"2133","0.982",1
"2134","0.9822",1
"2135","0.9832",1
"2136","0.9836",1
"2137","0.9838",1
"2138","0.984",1
"2139","0.9841",1
"2140","0.9843",1
"2141","0.985",1
"2142","0.9853",1
"2143","0.9854",1
"2144","0.9855",1
"2145","0.986",1
"2146","0.9861",1
"2147","0.9864",1
"2148","0.9865",1
"2149","0.9867",1
"2150","0.9872",1
"2151","0.9876",1
"2152","0.988",1
"2153","0.9889",1
"2154","0.9898",1
"2155","0.9904",1
"2156","0.9906",3
"2157","0.9908",1
"2158","0.991",2
"2159","0.9911",1
"2160","0.9913",1
"2161","0.9914",2
"2162","0.9927",1
"2163","0.9931",1
"2164","0.9934",1
"2165","0.9937",2
"2166","0.994",1
"2167","0.9943",1
"2168","0.9948",1
"2169","0.9949",1
"2170","0.9952",1
"2171","0.9956",2
"2172","0.9957",1
"2173","0.9958",4
"2174","0.9961",1
"2175","0.9965",1
"2176","0.9967",1
"2177","0.9968",2
"2178","0.9971",1
"2179","0.9972",3
"2180","0.9973",1
"2181","0.9974",1
"2182","0.9975",1
"2183","0.9976",2
"2184","0.9978",3
"2185","0.9979",1
"2186","0.9981",3
"2187","0.9982",1
"2188","0.9983",1
"2189","0.9984",2
"2190","0.9985",2
"2191","0.9986",2
"2192","0.9988",2
"2193","0.999",1
"2194","0.9991",1
"2195","1",947
